Timestamp,Email Address,First Name (Legal):,Last Name:,Name We Should Call You:,What pronouns should we use for you?,Student ID Number:,Your Phone Number:,Your College:,Your Primary Academic Department:,Your Primary Academic Major:,"A brief description of the duties you specifically will be performing for your research project that illustrates how you will be using critical thinking and data analysis skills, and how you will be meaningfully involved in the research process. (Please note, answers with insufficient details will delay or prevent acceptance.  Applicants should consult with their mentors to ensure they have enough information before applying.)",What is your anticipated graduation semester?,Is Your Mentor Affiliated with NC State:,Faculty Mentor First Name:,Faculty Mentor Last Name:,Faculty Mentor Email Address:,Faculty Mentor College:,"Faculty Mentor Academic Department:

(If you do not see your mentor's unit/department, please select ""My mentor's unit is not listed"" at the bottom and list it in the next question)",Faculty Mentor Phone Number:,Mentor First Name:,Mentor Last Name:,Mentor Institution/Company:,Mentor Job Title:,Mentor Email Address:,Mentor Phone Number:,"Do you intend to keep this Federal Work Study position for:

Spring only applications will open at the end of the fall semester.","I understand that my application process is not complete (and I will not be able to log hours) until I have done the following:

--Signed and returned the OUR FWS-Research Assistant Program Expectations Document (along with research mentor signatures)
-Signed and saved my FWS Voucher
-Completed the I-9 process with University HR (this process is outside of the OUR)

After you submit your answers in this application form, you will be contacted for the steps listed above.","I agree to abide by the requirements of the Office of Undergraduate Research's Research Assistant Program, (requirements are listed on the OUR website and will be covered in the Program Contract).",How did you hear about this opportunity?,Approved? ,Who Reviewed?,Review Notes,Is mentor a faculty member? (Or has appropriate expertise/is responsible for the research),Jen's Notes,Eligible for Federal Work-Study?,Award Amount,Sent Acceptance Letter w/ Contract,Received Signed Contract,Created Voucher,Initiated Hire Action,Hire Status?,Added to Moodle,Added to Funded Student Tracking List,Attended Program Orientation Session?
8/11/2026 12:47:58,pgeorge,Paul,George,Paul,,200955515,999-999-999,College of Sciences,Chemistry,Chemistry (BS),"I will do continued exploration on characterizing heteroleptic copper (I) complexes which can include different types of spectroscopic instrumentation. I can run photoluminescent experiments using spectroscopic instruments, including temperature controlled experiments that can include liquid nitrogen. Continuing with temperature controlled experiments, I can test the molecules I have made for their excited state lifetimes in the nanosecond timescale. I will be running different instruments and synthesizing more complexes in a wet lab. ",Spring 2028,Yes,FirstName,LastName,email@gmail.com,College of Sciences,Chemistry,999-999-999,,,,,,,Spring 2027,Yes,Yes,OUR Ambassador,Approved,Coleman,,Faculty,,Eligible,$1000/semester,Sent,Received,Created,Initiated,,,,
8/12/2026 10:15:30,srodriguez,Sofia,Rodriguez,Sofia,she/her,200966412,919-555-0144,College of Engineering,Computer Science,Computer Science (BS),"Developing deep learning models for genomic sequence classification and optimizing inference throughput on edge devices. Mentored directly by faculty on transformer architectures.",Spring 2027,Yes,Elena,Rostova,erostova@ncsu.edu,College of Engineering,Computer Science,919-555-0188,,,,,,,Spring 2027,Yes,Yes,Department Email,Approved,Coleman,,Faculty,,Eligible,$1200/semester,Sent,Received,Created,Initiated,,,,
8/14/2026 14:22:05,mchen,Marcus,Chen,Marcus,he/him,200977823,919-555-0199,College of Agriculture and Life Sciences,Plant Biology,Biochemistry (BS),"Investigating drought resistance genetic markers in soybean cultivars using CRISPR-Cas9 assays and spectrophotometry.",Fall 2027,No,,,,,,,David,Kim,RTI International,Senior Scientist,dkim@rti.org,919-555-0112,Fall 2026,Yes,Yes,Professor Recommendation,Approved,Jen,,Non-Faculty,,Eligible,$1100/semester,Sent,Received,Created,Initiated,,,,
